Suite/Test/Step Name,Browser,Description,Tag,Start time,End time,Duration,Status
Login,Chrome 103.0.5060.134,,,2022-08-10 23:34:34,2022-08-10 23:36:01,1m - 26.538s,PASSED
,,,,,,,
Test Cases/Test Case 2/Login_1,Chrome 103.0.5060.134,,,2022-08-10 23:34:35,2022-08-10 23:34:49,14.115s,PASSED
openBrowser(BASE_URL),Chrome 103.0.5060.134,Go to url https://katalon.com/sign-in,,2022-08-10 23:34:35,2022-08-10 23:34:44,9.141s,PASSED
maximizeWindow(),Chrome 103.0.5060.134,,,2022-08-10 23:34:44,2022-08-10 23:34:44,0.182s,PASSED
"sendKeys(findTestObject(""Page_Katalon/txt_Email""), User_Name)",Chrome 103.0.5060.134,Input email,,2022-08-10 23:34:44,2022-08-10 23:34:45,1.001s,PASSED
"sendKeys(findTestObject(""Page_Katalon/txt_Password""), Password)",Chrome 103.0.5060.134,Input password,,2022-08-10 23:34:45,2022-08-10 23:34:46,0.470s,PASSED
"click(findTestObject(""Page_Katalon/btn_SignIn""))",Chrome 103.0.5060.134,,,2022-08-10 23:34:46,2022-08-10 23:34:46,0.502s,PASSED
"verifyElementVisible(findTestObject(""Page_Katalon/sp_msgError""), STOP_ON_FAILURE)",Chrome 103.0.5060.134,,,2022-08-10 23:34:46,2022-08-10 23:34:48,1.727s,PASSED
closeBrowser(),Chrome 103.0.5060.134,,,2022-08-10 23:34:48,2022-08-10 23:34:49,0.750s,PASSED
,,,,,,,
Test Cases/Test Case 2/Login_1,Chrome 103.0.5060.134,,,2022-08-10 23:34:49,2022-08-10 23:34:59,10.473s,PASSED
openBrowser(BASE_URL),Chrome 103.0.5060.134,Go to url https://katalon.com/sign-in,,2022-08-10 23:34:49,2022-08-10 23:34:54,5.526s,PASSED
maximizeWindow(),Chrome 103.0.5060.134,,,2022-08-10 23:34:54,2022-08-10 23:34:55,0.248s,PASSED
"sendKeys(findTestObject(""Page_Katalon/txt_Email""), User_Name)",Chrome 103.0.5060.134,Input email,,2022-08-10 23:34:55,2022-08-10 23:34:56,0.991s,PASSED
"sendKeys(findTestObject(""Page_Katalon/txt_Password""), Password)",Chrome 103.0.5060.134,Input password,,2022-08-10 23:34:56,2022-08-10 23:34:56,0.447s,PASSED
"click(findTestObject(""Page_Katalon/btn_SignIn""))",Chrome 103.0.5060.134,,,2022-08-10 23:34:56,2022-08-10 23:34:57,0.634s,PASSED
"verifyElementVisible(findTestObject(""Page_Katalon/sp_msgError""), STOP_ON_FAILURE)",Chrome 103.0.5060.134,,,2022-08-10 23:34:57,2022-08-10 23:34:59,1.895s,PASSED
closeBrowser(),Chrome 103.0.5060.134,,,2022-08-10 23:34:59,2022-08-10 23:34:59,0.715s,PASSED
,,,,,,,
Test Cases/Test Case 2/Login_1,Chrome 103.0.5060.134,,,2022-08-10 23:34:59,2022-08-10 23:35:10,10.838s,PASSED
openBrowser(BASE_URL),Chrome 103.0.5060.134,Go to url https://katalon.com/sign-in,,2022-08-10 23:34:59,2022-08-10 23:35:06,6.213s,PASSED
maximizeWindow(),Chrome 103.0.5060.134,,,2022-08-10 23:35:06,2022-08-10 23:35:06,0.189s,PASSED
"sendKeys(findTestObject(""Page_Katalon/txt_Email""), User_Name)",Chrome 103.0.5060.134,Input email,,2022-08-10 23:35:06,2022-08-10 23:35:07,1.046s,PASSED
"sendKeys(findTestObject(""Page_Katalon/txt_Password""), Password)",Chrome 103.0.5060.134,Input password,,2022-08-10 23:35:07,2022-08-10 23:35:07,0.476s,PASSED
"click(findTestObject(""Page_Katalon/btn_SignIn""))",Chrome 103.0.5060.134,,,2022-08-10 23:35:07,2022-08-10 23:35:08,0.430s,PASSED
"verifyElementVisible(findTestObject(""Page_Katalon/sp_msgError""), STOP_ON_FAILURE)",Chrome 103.0.5060.134,,,2022-08-10 23:35:08,2022-08-10 23:35:09,1.679s,PASSED
closeBrowser(),Chrome 103.0.5060.134,,,2022-08-10 23:35:09,2022-08-10 23:35:10,0.794s,PASSED
,,,,,,,
Test Cases/Test Case 2/Login_1,Chrome 103.0.5060.134,,,2022-08-10 23:35:10,2022-08-10 23:35:21,10.397s,PASSED
openBrowser(BASE_URL),Chrome 103.0.5060.134,Go to url https://katalon.com/sign-in,,2022-08-10 23:35:10,2022-08-10 23:35:16,5.384s,PASSED
maximizeWindow(),Chrome 103.0.5060.134,,,2022-08-10 23:35:16,2022-08-10 23:35:16,0.157s,PASSED
"sendKeys(findTestObject(""Page_Katalon/txt_Email""), User_Name)",Chrome 103.0.5060.134,Input email,,2022-08-10 23:35:16,2022-08-10 23:35:17,1.686s,PASSED
"sendKeys(findTestObject(""Page_Katalon/txt_Password""), Password)",Chrome 103.0.5060.134,Input password,,2022-08-10 23:35:17,2022-08-10 23:35:18,0.458s,PASSED
"click(findTestObject(""Page_Katalon/btn_SignIn""))",Chrome 103.0.5060.134,,,2022-08-10 23:35:18,2022-08-10 23:35:18,0.529s,PASSED
"verifyElementVisible(findTestObject(""Page_Katalon/sp_msgError""), STOP_ON_FAILURE)",Chrome 103.0.5060.134,,,2022-08-10 23:35:18,2022-08-10 23:35:20,1.442s,PASSED
closeBrowser(),Chrome 103.0.5060.134,,,2022-08-10 23:35:20,2022-08-10 23:35:21,0.729s,PASSED
,,,,,,,
Test Cases/Test Case 2/Login_1,Chrome 103.0.5060.134,,,2022-08-10 23:35:21,2022-08-10 23:35:31,10.674s,PASSED
openBrowser(BASE_URL),Chrome 103.0.5060.134,Go to url https://katalon.com/sign-in,,2022-08-10 23:35:21,2022-08-10 23:35:26,5.738s,PASSED
maximizeWindow(),Chrome 103.0.5060.134,,,2022-08-10 23:35:26,2022-08-10 23:35:27,0.150s,PASSED
"sendKeys(findTestObject(""Page_Katalon/txt_Email""), User_Name)",Chrome 103.0.5060.134,Input email,,2022-08-10 23:35:27,2022-08-10 23:35:28,1.490s,PASSED
"sendKeys(findTestObject(""Page_Katalon/txt_Password""), Password)",Chrome 103.0.5060.134,Input password,,2022-08-10 23:35:28,2022-08-10 23:35:29,0.441s,PASSED
"click(findTestObject(""Page_Katalon/btn_SignIn""))",Chrome 103.0.5060.134,,,2022-08-10 23:35:29,2022-08-10 23:35:29,0.546s,PASSED
"verifyElementVisible(findTestObject(""Page_Katalon/sp_msgError""), STOP_ON_FAILURE)",Chrome 103.0.5060.134,,,2022-08-10 23:35:29,2022-08-10 23:35:31,1.556s,PASSED
closeBrowser(),Chrome 103.0.5060.134,,,2022-08-10 23:35:31,2022-08-10 23:35:31,0.740s,PASSED
,,,,,,,
Test Cases/Test Case 2/Login_1,Chrome 103.0.5060.134,,,2022-08-10 23:35:31,2022-08-10 23:35:51,19.804s,PASSED
openBrowser(BASE_URL),Chrome 103.0.5060.134,Go to url https://katalon.com/sign-in,,2022-08-10 23:35:31,2022-08-10 23:35:37,5.883s,PASSED
maximizeWindow(),Chrome 103.0.5060.134,,,2022-08-10 23:35:37,2022-08-10 23:35:37,0.158s,PASSED
"sendKeys(findTestObject(""Page_Katalon/txt_Email""), User_Name)",Chrome 103.0.5060.134,Input email,,2022-08-10 23:35:37,2022-08-10 23:35:48,10.455s,PASSED
"sendKeys(findTestObject(""Page_Katalon/txt_Password""), Password)",Chrome 103.0.5060.134,Input password,,2022-08-10 23:35:48,2022-08-10 23:35:48,0.617s,PASSED
"click(findTestObject(""Page_Katalon/btn_SignIn""))",Chrome 103.0.5060.134,,,2022-08-10 23:35:48,2022-08-10 23:35:49,0.637s,PASSED
"verifyElementVisible(findTestObject(""Page_Katalon/sp_msgError""), STOP_ON_FAILURE)",Chrome 103.0.5060.134,,,2022-08-10 23:35:49,2022-08-10 23:35:50,1.348s,PASSED
closeBrowser(),Chrome 103.0.5060.134,,,2022-08-10 23:35:50,2022-08-10 23:35:51,0.695s,PASSED
,,,,,,,
Test Cases/Test Case 2/Login_1,Chrome 103.0.5060.134,,,2022-08-10 23:35:51,2022-08-10 23:36:01,9.729s,PASSED
openBrowser(BASE_URL),Chrome 103.0.5060.134,Go to url https://katalon.com/sign-in,,2022-08-10 23:35:51,2022-08-10 23:35:57,5.289s,PASSED
maximizeWindow(),Chrome 103.0.5060.134,,,2022-08-10 23:35:57,2022-08-10 23:35:57,0.167s,PASSED
"sendKeys(findTestObject(""Page_Katalon/txt_Email""), User_Name)",Chrome 103.0.5060.134,Input email,,2022-08-10 23:35:57,2022-08-10 23:35:58,0.890s,PASSED
"sendKeys(findTestObject(""Page_Katalon/txt_Password""), Password)",Chrome 103.0.5060.134,Input password,,2022-08-10 23:35:58,2022-08-10 23:35:58,0.440s,PASSED
"click(findTestObject(""Page_Katalon/btn_SignIn""))",Chrome 103.0.5060.134,,,2022-08-10 23:35:58,2022-08-10 23:35:58,0.441s,PASSED
"verifyElementVisible(findTestObject(""Page_Katalon/sp_msgError""), STOP_ON_FAILURE)",Chrome 103.0.5060.134,,,2022-08-10 23:35:58,2022-08-10 23:36:00,1.791s,PASSED
closeBrowser(),Chrome 103.0.5060.134,,,2022-08-10 23:36:00,2022-08-10 23:36:01,0.695s,PASSED
