Suite/Test/Step Name,Browser,Description,Tag,Start time,End time,Duration,Status
Login,,,,2022-08-10 23:54:44,2022-08-10 23:54:48,4.002s,FAILED
,,,,,,,
Test Cases/Test Case 2/Login_1,,,,2022-08-10 23:54:46,2022-08-10 23:54:46,0.076s,FAILED
openBrowser(BASE_URL),,Go to url https://katalon.com/sign-in,,2022-08-10 23:54:46,2022-08-10 23:54:46,0.064s,FAILED
,,,,,,,
Test Cases/Test Case 2/Login_1,,,,2022-08-10 23:54:47,2022-08-10 23:54:47,0.038s,FAILED
openBrowser(BASE_URL),,Go to url https://katalon.com/sign-in,,2022-08-10 23:54:47,2022-08-10 23:54:47,0.029s,FAILED
,,,,,,,
Test Cases/Test Case 2/Login_1,,,,2022-08-10 23:54:47,2022-08-10 23:54:47,0.041s,FAILED
openBrowser(BASE_URL),,Go to url https://katalon.com/sign-in,,2022-08-10 23:54:47,2022-08-10 23:54:47,0.033s,FAILED
,,,,,,,
Test Cases/Test Case 2/Login_1,,,,2022-08-10 23:54:47,2022-08-10 23:54:47,0.047s,FAILED
openBrowser(BASE_URL),,Go to url https://katalon.com/sign-in,,2022-08-10 23:54:47,2022-08-10 23:54:47,0.040s,FAILED
,,,,,,,
Test Cases/Test Case 2/Login_1,,,,2022-08-10 23:54:47,2022-08-10 23:54:47,0.038s,FAILED
openBrowser(BASE_URL),,Go to url https://katalon.com/sign-in,,2022-08-10 23:54:47,2022-08-10 23:54:47,0.031s,FAILED
,,,,,,,
Test Cases/Test Case 2/Login_1,,,,2022-08-10 23:54:47,2022-08-10 23:54:47,0.052s,FAILED
openBrowser(BASE_URL),,Go to url https://katalon.com/sign-in,,2022-08-10 23:54:47,2022-08-10 23:54:47,0.046s,FAILED
,,,,,,,
Test Cases/Test Case 2/Login_1,,,,2022-08-10 23:54:48,2022-08-10 23:54:48,0.044s,FAILED
openBrowser(BASE_URL),,Go to url https://katalon.com/sign-in,,2022-08-10 23:54:48,2022-08-10 23:54:48,0.038s,FAILED
