Suite/Test/Step Name,Browser,Description,Tag,Start time,End time,Duration,Status
Zing,Chrome 103.0.5060.134,,,2022-08-07 17:59:33,2022-08-07 17:59:49,15.951s,PASSED
,,,,,,,
Test Cases/Test case 1,Chrome 103.0.5060.134,,,2022-08-07 17:59:33,2022-08-07 17:59:49,15.536s,PASSED
"openBrowser(""https://zingmp3.vn/"")",Chrome 103.0.5060.134,,,2022-08-07 17:59:34,2022-08-07 17:59:44,9.740s,PASSED
"verifyElementVisible(findTestObject(""Home_Zing/txt_Search""))",Chrome 103.0.5060.134,,,2022-08-07 17:59:44,2022-08-07 17:59:45,1.253s,PASSED
"click(findTestObject(""Home_Zing/icon_popup""))",Chrome 103.0.5060.134,,,2022-08-07 17:59:45,2022-08-07 17:59:46,1.077s,PASSED
"click(findTestObject(""Home_Zing/txt_inputSearch""))",Chrome 103.0.5060.134,,,2022-08-07 17:59:46,2022-08-07 17:59:47,0.734s,PASSED
"sendKeys(findTestObject(""Home_Zing/txt_inputSearch""), ""abc"")",Chrome 103.0.5060.134,,,2022-08-07 17:59:47,2022-08-07 17:59:48,0.993s,PASSED
"testObj = findTestObject(""Home_Zing/list_Suggest"")",Chrome 103.0.5060.134,,,2022-08-07 17:59:48,2022-08-07 17:59:48,0.118s,PASSED
"elements = findWebElements(testObj, 10)",Chrome 103.0.5060.134,,,2022-08-07 17:59:48,2022-08-07 17:59:49,0.759s,PASSED
"for ([i = 0, i < elements.size(), (++i)])",Chrome 103.0.5060.134,,,2022-08-07 17:59:49,2022-08-07 17:59:49,0.387s,PASSED
