Suite/Test/Step Name,Browser,Description,Tag,Start time,End time,Duration,Status
Login,Chrome 103.0.5060.134,,,2022-08-10 23:59:16,2022-08-10 23:59:48,31.758s,ERROR
,,,,,,,
Test Cases/Test Case 21,Chrome 103.0.5060.134,,,2022-08-10 23:59:41,2022-08-10 23:59:48,7.296s,ERROR
openBrowser(BASE_URL),Chrome 103.0.5060.134,Go to url https://katalon.com/sign-in,,2022-08-10 23:59:41,2022-08-10 23:59:46,5.645s,PASSED
maximizeWindow(),Chrome 103.0.5060.134,,,2022-08-10 23:59:46,2022-08-10 23:59:47,0.351s,PASSED
"sendKeys(findTestObject(""Page_Katalon/txt_Email""), User_Name)",Chrome 103.0.5060.134,Input email,,2022-08-10 23:59:47,2022-08-10 23:59:48,1.240s,PASSED
"sendKeys(findTestObject(""Page_Katalon/txt_Password""), Password)",Chrome 103.0.5060.134,Input password,,2022-08-10 23:59:48,2022-08-10 23:59:48,0.037s,ERROR
