Suite/Test/Step Name,Browser,Description,Tag,Start time,End time,Duration,Status
Zing,Chrome 103.0.5060.134,,,2022-08-07 18:43:37,2022-08-07 18:43:56,19.236s,PASSED
,,,,,,,
Test Cases/Test case 1,Chrome 103.0.5060.134,,,2022-08-07 18:43:37,2022-08-07 18:43:47,10.143s,PASSED
"openBrowser(""https://zingmp3.vn/"")",Chrome 103.0.5060.134,Go to url https://zingmp3.vn/,,2022-08-07 18:43:37,2022-08-07 18:43:43,5.863s,PASSED
"verifyElementVisible(findTestObject(""Home_Zing/txt_Search""))",Chrome 103.0.5060.134,Verify search box display,,2022-08-07 18:43:43,2022-08-07 18:43:44,0.748s,PASSED
"click(findTestObject(""Home_Zing/icon_popup""))",Chrome 103.0.5060.134,Close popup,,2022-08-07 18:43:44,2022-08-07 18:43:45,0.543s,PASSED
"click(findTestObject(""Home_Zing/txt_inputSearch""))",Chrome 103.0.5060.134,Click to the search box,,2022-08-07 18:43:45,2022-08-07 18:43:45,0.676s,PASSED
"sendKeys(findTestObject(""Home_Zing/txt_inputSearch""), ""abc"")",Chrome 103.0.5060.134,Input 'abc' to the search field,,2022-08-07 18:43:45,2022-08-07 18:43:46,0.824s,PASSED
"testObj = findTestObject(""Home_Zing/list_Suggest"")",Chrome 103.0.5060.134,Find list songs suggest,,2022-08-07 18:43:46,2022-08-07 18:43:46,0.076s,PASSED
"elements = findWebElements(testObj, 10)",Chrome 103.0.5060.134,Get list song suggest,,2022-08-07 18:43:46,2022-08-07 18:43:47,0.833s,PASSED
"for ([i = 0, i < elements.size(), (++i)])",Chrome 103.0.5060.134,Verify list songs have contains text 'abc',,2022-08-07 18:43:47,2022-08-07 18:43:47,0.230s,PASSED
,,,,,,,
Test Cases/Test case 2,Chrome 103.0.5060.134,,,2022-08-07 18:43:47,2022-08-07 18:43:56,8.833s,PASSED
"openBrowser(""https://zingmp3.vn/"")",Chrome 103.0.5060.134,Go to url https://zingmp3.vn/,,2022-08-07 18:43:48,2022-08-07 18:43:52,4.808s,PASSED
"verifyElementVisible(findTestObject(""Home_Zing/txt_Search""))",Chrome 103.0.5060.134,Verify search box display,,2022-08-07 18:43:52,2022-08-07 18:43:53,0.581s,PASSED
"click(findTestObject(""Home_Zing/icon_popup""))",Chrome 103.0.5060.134,Close popup,,2022-08-07 18:43:53,2022-08-07 18:43:53,0.437s,PASSED
"click(findTestObject(""Home_Zing/txt_inputSearch""))",Chrome 103.0.5060.134,Click to the search box,,2022-08-07 18:43:53,2022-08-07 18:43:54,0.673s,PASSED
"sendKeys(findTestObject(""Home_Zing/txt_inputSearch""), ""abc"")",Chrome 103.0.5060.134,Input 'abc' to the search field,,2022-08-07 18:43:54,2022-08-07 18:43:55,0.788s,PASSED
"testObj = findTestObject(""Home_Zing/list_Suggest"")",Chrome 103.0.5060.134,Find list songs suggest,,2022-08-07 18:43:55,2022-08-07 18:43:55,0.046s,PASSED
"elements = findWebElements(testObj, 10)",Chrome 103.0.5060.134,Get list song suggest,,2022-08-07 18:43:55,2022-08-07 18:43:55,0.443s,PASSED
i = 0,Chrome 103.0.5060.134,,,2022-08-07 18:43:55,2022-08-07 18:43:55,0.001s,PASSED
while (i < elements.size()),Chrome 103.0.5060.134,,,2022-08-07 18:43:55,2022-08-07 18:43:55,0.028s,PASSED
closeBrowser(),Chrome 103.0.5060.134,,,2022-08-07 18:43:55,2022-08-07 18:43:56,0.745s,PASSED
