Suite/Test/Step Name,Browser,Description,Tag,Start time,End time,Duration,Status
Login,Chrome 103.0.5060.134,,,2022-08-11 00:03:19,2022-08-11 00:04:38,1m - 18.289s,PASSED
,,,,,,,
Test Cases/Test Case 21,Chrome 103.0.5060.134,,,2022-08-11 00:03:20,2022-08-11 00:03:34,14.201s,PASSED
openBrowser(BASE_URL),Chrome 103.0.5060.134,Go to url https://katalon.com/sign-in,,2022-08-11 00:03:20,2022-08-11 00:03:29,9.335s,PASSED
maximizeWindow(),Chrome 103.0.5060.134,,,2022-08-11 00:03:29,2022-08-11 00:03:29,0.160s,PASSED
"sendKeys(findTestObject(""Page_Katalon/txt_Email""), User_Name)",Chrome 103.0.5060.134,Input email,,2022-08-11 00:03:29,2022-08-11 00:03:31,1.261s,PASSED
"sendKeys(findTestObject(""Page_Katalon/txt_Password""), Password)",Chrome 103.0.5060.134,Input password,,2022-08-11 00:03:31,2022-08-11 00:03:31,0.444s,PASSED
"click(findTestObject(""Page_Katalon/btn_SignIn""))",Chrome 103.0.5060.134,,,2022-08-11 00:03:31,2022-08-11 00:03:32,0.546s,PASSED
"verifyElementVisible(findTestObject(""Page_Katalon/sp_msgError""), STOP_ON_FAILURE)",Chrome 103.0.5060.134,,,2022-08-11 00:03:32,2022-08-11 00:03:33,1.490s,PASSED
closeBrowser(),Chrome 103.0.5060.134,,,2022-08-11 00:03:33,2022-08-11 00:03:34,0.680s,PASSED
,,,,,,,
Test Cases/Test Case 21,Chrome 103.0.5060.134,,,2022-08-11 00:03:34,2022-08-11 00:03:46,12.092s,PASSED
openBrowser(BASE_URL),Chrome 103.0.5060.134,Go to url https://katalon.com/sign-in,,2022-08-11 00:03:34,2022-08-11 00:03:41,7.449s,PASSED
maximizeWindow(),Chrome 103.0.5060.134,,,2022-08-11 00:03:41,2022-08-11 00:03:42,0.248s,PASSED
"sendKeys(findTestObject(""Page_Katalon/txt_Email""), User_Name)",Chrome 103.0.5060.134,Input email,,2022-08-11 00:03:42,2022-08-11 00:03:43,1.132s,PASSED
"sendKeys(findTestObject(""Page_Katalon/txt_Password""), Password)",Chrome 103.0.5060.134,Input password,,2022-08-11 00:03:43,2022-08-11 00:03:43,0.446s,PASSED
"click(findTestObject(""Page_Katalon/btn_SignIn""))",Chrome 103.0.5060.134,,,2022-08-11 00:03:43,2022-08-11 00:03:44,0.637s,PASSED
"verifyElementVisible(findTestObject(""Page_Katalon/sp_msgError""), STOP_ON_FAILURE)",Chrome 103.0.5060.134,,,2022-08-11 00:03:44,2022-08-11 00:03:45,1.457s,PASSED
closeBrowser(),Chrome 103.0.5060.134,,,2022-08-11 00:03:45,2022-08-11 00:03:46,0.705s,PASSED
,,,,,,,
Test Cases/Test Case 21,Chrome 103.0.5060.134,,,2022-08-11 00:03:46,2022-08-11 00:03:56,10.171s,PASSED
openBrowser(BASE_URL),Chrome 103.0.5060.134,Go to url https://katalon.com/sign-in,,2022-08-11 00:03:46,2022-08-11 00:03:51,5.447s,PASSED
maximizeWindow(),Chrome 103.0.5060.134,,,2022-08-11 00:03:51,2022-08-11 00:03:52,0.265s,PASSED
"sendKeys(findTestObject(""Page_Katalon/txt_Email""), User_Name)",Chrome 103.0.5060.134,Input email,,2022-08-11 00:03:52,2022-08-11 00:03:53,0.918s,PASSED
"sendKeys(findTestObject(""Page_Katalon/txt_Password""), Password)",Chrome 103.0.5060.134,Input password,,2022-08-11 00:03:53,2022-08-11 00:03:54,1.001s,PASSED
"click(findTestObject(""Page_Katalon/btn_SignIn""))",Chrome 103.0.5060.134,,,2022-08-11 00:03:54,2022-08-11 00:03:54,0.422s,PASSED
"verifyElementVisible(findTestObject(""Page_Katalon/sp_msgError""), STOP_ON_FAILURE)",Chrome 103.0.5060.134,,,2022-08-11 00:03:54,2022-08-11 00:03:56,1.438s,PASSED
closeBrowser(),Chrome 103.0.5060.134,,,2022-08-11 00:03:56,2022-08-11 00:03:56,0.669s,PASSED
,,,,,,,
Test Cases/Test Case 21,Chrome 103.0.5060.134,,,2022-08-11 00:03:56,2022-08-11 00:04:06,9.628s,PASSED
openBrowser(BASE_URL),Chrome 103.0.5060.134,Go to url https://katalon.com/sign-in,,2022-08-11 00:03:56,2022-08-11 00:04:01,4.725s,PASSED
maximizeWindow(),Chrome 103.0.5060.134,,,2022-08-11 00:04:01,2022-08-11 00:04:01,0.495s,PASSED
"sendKeys(findTestObject(""Page_Katalon/txt_Email""), User_Name)",Chrome 103.0.5060.134,Input email,,2022-08-11 00:04:01,2022-08-11 00:04:03,1.152s,PASSED
"sendKeys(findTestObject(""Page_Katalon/txt_Password""), Password)",Chrome 103.0.5060.134,Input password,,2022-08-11 00:04:03,2022-08-11 00:04:03,0.421s,PASSED
"click(findTestObject(""Page_Katalon/btn_SignIn""))",Chrome 103.0.5060.134,,,2022-08-11 00:04:03,2022-08-11 00:04:04,0.551s,PASSED
"verifyElementVisible(findTestObject(""Page_Katalon/sp_msgError""), STOP_ON_FAILURE)",Chrome 103.0.5060.134,,,2022-08-11 00:04:04,2022-08-11 00:04:05,1.547s,PASSED
closeBrowser(),Chrome 103.0.5060.134,,,2022-08-11 00:04:05,2022-08-11 00:04:06,0.726s,PASSED
,,,,,,,
Test Cases/Test Case 21,Chrome 103.0.5060.134,,,2022-08-11 00:04:06,2022-08-11 00:04:17,10.703s,PASSED
openBrowser(BASE_URL),Chrome 103.0.5060.134,Go to url https://katalon.com/sign-in,,2022-08-11 00:04:06,2022-08-11 00:04:12,5.635s,PASSED
maximizeWindow(),Chrome 103.0.5060.134,,,2022-08-11 00:04:12,2022-08-11 00:04:12,0.318s,PASSED
"sendKeys(findTestObject(""Page_Katalon/txt_Email""), User_Name)",Chrome 103.0.5060.134,Input email,,2022-08-11 00:04:12,2022-08-11 00:04:13,0.770s,PASSED
"sendKeys(findTestObject(""Page_Katalon/txt_Password""), Password)",Chrome 103.0.5060.134,Input password,,2022-08-11 00:04:13,2022-08-11 00:04:14,1.083s,PASSED
"click(findTestObject(""Page_Katalon/btn_SignIn""))",Chrome 103.0.5060.134,,,2022-08-11 00:04:14,2022-08-11 00:04:14,0.531s,PASSED
"verifyElementVisible(findTestObject(""Page_Katalon/sp_msgError""), STOP_ON_FAILURE)",Chrome 103.0.5060.134,,,2022-08-11 00:04:14,2022-08-11 00:04:16,1.642s,PASSED
closeBrowser(),Chrome 103.0.5060.134,,,2022-08-11 00:04:16,2022-08-11 00:04:17,0.713s,PASSED
,,,,,,,
Test Cases/Test Case 21,Chrome 103.0.5060.134,,,2022-08-11 00:04:17,2022-08-11 00:04:27,10.212s,PASSED
openBrowser(BASE_URL),Chrome 103.0.5060.134,Go to url https://katalon.com/sign-in,,2022-08-11 00:04:17,2022-08-11 00:04:22,5.290s,PASSED
maximizeWindow(),Chrome 103.0.5060.134,,,2022-08-11 00:04:22,2022-08-11 00:04:22,0.457s,PASSED
"sendKeys(findTestObject(""Page_Katalon/txt_Email""), User_Name)",Chrome 103.0.5060.134,Input email,,2022-08-11 00:04:22,2022-08-11 00:04:23,0.759s,PASSED
"sendKeys(findTestObject(""Page_Katalon/txt_Password""), Password)",Chrome 103.0.5060.134,Input password,,2022-08-11 00:04:23,2022-08-11 00:04:24,1.043s,PASSED
"click(findTestObject(""Page_Katalon/btn_SignIn""))",Chrome 103.0.5060.134,,,2022-08-11 00:04:24,2022-08-11 00:04:25,0.538s,PASSED
"verifyElementVisible(findTestObject(""Page_Katalon/sp_msgError""), STOP_ON_FAILURE)",Chrome 103.0.5060.134,,,2022-08-11 00:04:25,2022-08-11 00:04:26,1.441s,PASSED
closeBrowser(),Chrome 103.0.5060.134,,,2022-08-11 00:04:26,2022-08-11 00:04:27,0.677s,PASSED
,,,,,,,
Test Cases/Test Case 21,Chrome 103.0.5060.134,,,2022-08-11 00:04:27,2022-08-11 00:04:38,10.844s,PASSED
openBrowser(BASE_URL),Chrome 103.0.5060.134,Go to url https://katalon.com/sign-in,,2022-08-11 00:04:27,2022-08-11 00:04:33,6.289s,PASSED
maximizeWindow(),Chrome 103.0.5060.134,,,2022-08-11 00:04:33,2022-08-11 00:04:34,0.509s,PASSED
"sendKeys(findTestObject(""Page_Katalon/txt_Email""), User_Name)",Chrome 103.0.5060.134,Input email,,2022-08-11 00:04:34,2022-08-11 00:04:35,1.097s,PASSED
"sendKeys(findTestObject(""Page_Katalon/txt_Password""), Password)",Chrome 103.0.5060.134,Input password,,2022-08-11 00:04:35,2022-08-11 00:04:35,0.419s,PASSED
"click(findTestObject(""Page_Katalon/btn_SignIn""))",Chrome 103.0.5060.134,,,2022-08-11 00:04:35,2022-08-11 00:04:36,0.395s,PASSED
"verifyElementVisible(findTestObject(""Page_Katalon/sp_msgError""), STOP_ON_FAILURE)",Chrome 103.0.5060.134,,,2022-08-11 00:04:36,2022-08-11 00:04:37,1.444s,PASSED
closeBrowser(),Chrome 103.0.5060.134,,,2022-08-11 00:04:37,2022-08-11 00:04:38,0.685s,PASSED
