Suite/Test/Step Name,Browser,Description,Tag,Start time,End time,Duration,Status
Login,Chrome 103.0.5060.134,,,2022-08-10 00:50:14,2022-08-10 00:51:26,1m - 11.404s,PASSED
,,,,,,,
Test Cases/Test Case 2/Login_1,Chrome 103.0.5060.134,,,2022-08-10 00:50:15,2022-08-10 00:50:28,13.009s,PASSED
openBrowser(BASE_URL),Chrome 103.0.5060.134,Go to url https://katalon.com/sign-in,,2022-08-10 00:50:15,2022-08-10 00:50:24,8.954s,PASSED
maximizeWindow(),Chrome 103.0.5060.134,,,2022-08-10 00:50:24,2022-08-10 00:50:25,0.543s,PASSED
"sendKeys(findTestObject(""Page_Katalon/txt_Email""), User_Name)",Chrome 103.0.5060.134,Input email,,2022-08-10 00:50:25,2022-08-10 00:50:26,1.073s,PASSED
"sendKeys(findTestObject(""Page_Katalon/txt_Password""), Password)",Chrome 103.0.5060.134,Input password,,2022-08-10 00:50:26,2022-08-10 00:50:26,0.627s,PASSED
"click(findTestObject(""Page_Katalon/btn_SignIn""))",Chrome 103.0.5060.134,,,2022-08-10 00:50:26,2022-08-10 00:50:27,0.634s,PASSED
closeBrowser(),Chrome 103.0.5060.134,,,2022-08-10 00:50:27,2022-08-10 00:50:28,0.781s,PASSED
,,,,,,,
Test Cases/Test Case 2/Login_1,Chrome 103.0.5060.134,,,2022-08-10 00:50:28,2022-08-10 00:50:38,9.709s,PASSED
openBrowser(BASE_URL),Chrome 103.0.5060.134,Go to url https://katalon.com/sign-in,,2022-08-10 00:50:28,2022-08-10 00:50:34,6.204s,PASSED
maximizeWindow(),Chrome 103.0.5060.134,,,2022-08-10 00:50:34,2022-08-10 00:50:35,0.585s,PASSED
"sendKeys(findTestObject(""Page_Katalon/txt_Email""), User_Name)",Chrome 103.0.5060.134,Input email,,2022-08-10 00:50:35,2022-08-10 00:50:36,1.189s,PASSED
"sendKeys(findTestObject(""Page_Katalon/txt_Password""), Password)",Chrome 103.0.5060.134,Input password,,2022-08-10 00:50:36,2022-08-10 00:50:36,0.463s,PASSED
"click(findTestObject(""Page_Katalon/btn_SignIn""))",Chrome 103.0.5060.134,,,2022-08-10 00:50:36,2022-08-10 00:50:37,0.541s,PASSED
closeBrowser(),Chrome 103.0.5060.134,,,2022-08-10 00:50:37,2022-08-10 00:50:38,0.710s,PASSED
,,,,,,,
Test Cases/Test Case 2/Login_1,Chrome 103.0.5060.134,,,2022-08-10 00:50:38,2022-08-10 00:50:47,9.197s,PASSED
openBrowser(BASE_URL),Chrome 103.0.5060.134,Go to url https://katalon.com/sign-in,,2022-08-10 00:50:38,2022-08-10 00:50:43,5.853s,PASSED
maximizeWindow(),Chrome 103.0.5060.134,,,2022-08-10 00:50:43,2022-08-10 00:50:44,0.478s,PASSED
"sendKeys(findTestObject(""Page_Katalon/txt_Email""), User_Name)",Chrome 103.0.5060.134,Input email,,2022-08-10 00:50:44,2022-08-10 00:50:45,1.140s,PASSED
"sendKeys(findTestObject(""Page_Katalon/txt_Password""), Password)",Chrome 103.0.5060.134,Input password,,2022-08-10 00:50:45,2022-08-10 00:50:46,0.515s,PASSED
"click(findTestObject(""Page_Katalon/btn_SignIn""))",Chrome 103.0.5060.134,,,2022-08-10 00:50:46,2022-08-10 00:50:46,0.479s,PASSED
closeBrowser(),Chrome 103.0.5060.134,,,2022-08-10 00:50:46,2022-08-10 00:50:47,0.719s,PASSED
,,,,,,,
Test Cases/Test Case 2/Login_1,Chrome 103.0.5060.134,,,2022-08-10 00:50:47,2022-08-10 00:50:56,9.248s,PASSED
openBrowser(BASE_URL),Chrome 103.0.5060.134,Go to url https://katalon.com/sign-in,,2022-08-10 00:50:47,2022-08-10 00:50:52,5.252s,PASSED
maximizeWindow(),Chrome 103.0.5060.134,,,2022-08-10 00:50:52,2022-08-10 00:50:52,0.290s,PASSED
"sendKeys(findTestObject(""Page_Katalon/txt_Email""), User_Name)",Chrome 103.0.5060.134,Input email,,2022-08-10 00:50:52,2022-08-10 00:50:54,1.598s,PASSED
"sendKeys(findTestObject(""Page_Katalon/txt_Password""), Password)",Chrome 103.0.5060.134,Input password,,2022-08-10 00:50:54,2022-08-10 00:50:55,0.835s,PASSED
"click(findTestObject(""Page_Katalon/btn_SignIn""))",Chrome 103.0.5060.134,,,2022-08-10 00:50:55,2022-08-10 00:50:55,0.528s,PASSED
closeBrowser(),Chrome 103.0.5060.134,,,2022-08-10 00:50:55,2022-08-10 00:50:56,0.732s,PASSED
,,,,,,,
Test Cases/Test Case 2/Login_1,Chrome 103.0.5060.134,,,2022-08-10 00:50:56,2022-08-10 00:51:06,9.806s,PASSED
openBrowser(BASE_URL),Chrome 103.0.5060.134,Go to url https://katalon.com/sign-in,,2022-08-10 00:50:56,2022-08-10 00:51:02,6.172s,PASSED
maximizeWindow(),Chrome 103.0.5060.134,,,2022-08-10 00:51:02,2022-08-10 00:51:02,0.223s,PASSED
"sendKeys(findTestObject(""Page_Katalon/txt_Email""), User_Name)",Chrome 103.0.5060.134,Input email,,2022-08-10 00:51:02,2022-08-10 00:51:04,1.294s,PASSED
"sendKeys(findTestObject(""Page_Katalon/txt_Password""), Password)",Chrome 103.0.5060.134,Input password,,2022-08-10 00:51:04,2022-08-10 00:51:05,0.796s,PASSED
"click(findTestObject(""Page_Katalon/btn_SignIn""))",Chrome 103.0.5060.134,,,2022-08-10 00:51:05,2022-08-10 00:51:05,0.621s,PASSED
closeBrowser(),Chrome 103.0.5060.134,,,2022-08-10 00:51:05,2022-08-10 00:51:06,0.690s,PASSED
,,,,,,,
Test Cases/Test Case 2/Login_1,Chrome 103.0.5060.134,,,2022-08-10 00:51:06,2022-08-10 00:51:16,9.870s,PASSED
openBrowser(BASE_URL),Chrome 103.0.5060.134,Go to url https://katalon.com/sign-in,,2022-08-10 00:51:06,2022-08-10 00:51:12,6.483s,PASSED
maximizeWindow(),Chrome 103.0.5060.134,,,2022-08-10 00:51:12,2022-08-10 00:51:13,0.255s,PASSED
"sendKeys(findTestObject(""Page_Katalon/txt_Email""), User_Name)",Chrome 103.0.5060.134,Input email,,2022-08-10 00:51:13,2022-08-10 00:51:14,1.200s,PASSED
"sendKeys(findTestObject(""Page_Katalon/txt_Password""), Password)",Chrome 103.0.5060.134,Input password,,2022-08-10 00:51:14,2022-08-10 00:51:14,0.584s,PASSED
"click(findTestObject(""Page_Katalon/btn_SignIn""))",Chrome 103.0.5060.134,,,2022-08-10 00:51:14,2022-08-10 00:51:15,0.595s,PASSED
closeBrowser(),Chrome 103.0.5060.134,,,2022-08-10 00:51:15,2022-08-10 00:51:16,0.740s,PASSED
,,,,,,,
Test Cases/Test Case 2/Login_1,Chrome 103.0.5060.134,,,2022-08-10 00:51:16,2022-08-10 00:51:26,10.024s,PASSED
openBrowser(BASE_URL),Chrome 103.0.5060.134,Go to url https://katalon.com/sign-in,,2022-08-10 00:51:16,2022-08-10 00:51:23,6.726s,PASSED
maximizeWindow(),Chrome 103.0.5060.134,,,2022-08-10 00:51:23,2022-08-10 00:51:23,0.399s,PASSED
"sendKeys(findTestObject(""Page_Katalon/txt_Email""), User_Name)",Chrome 103.0.5060.134,Input email,,2022-08-10 00:51:23,2022-08-10 00:51:24,1.136s,PASSED
"sendKeys(findTestObject(""Page_Katalon/txt_Password""), Password)",Chrome 103.0.5060.134,Input password,,2022-08-10 00:51:24,2022-08-10 00:51:25,0.538s,PASSED
"click(findTestObject(""Page_Katalon/btn_SignIn""))",Chrome 103.0.5060.134,,,2022-08-10 00:51:25,2022-08-10 00:51:25,0.499s,PASSED
closeBrowser(),Chrome 103.0.5060.134,,,2022-08-10 00:51:25,2022-08-10 00:51:26,0.716s,PASSED
