Suite/Test/Step Name,Browser,Description,Tag,Start time,End time,Duration,Status
Login,,,,2022-08-10 23:53:29,2022-08-10 23:53:34,4.299s,FAILED
,,,,,,,
Test Cases/Test Case 2/Login_1,,,,2022-08-10 23:53:32,2022-08-10 23:53:33,0.048s,FAILED
openBrowser(BASE_URL),,Go to url https://katalon.com/sign-in,,2022-08-10 23:53:32,2022-08-10 23:53:33,0.037s,FAILED
,,,,,,,
Test Cases/Test Case 2/Login_1,,,,2022-08-10 23:53:33,2022-08-10 23:53:33,0.035s,FAILED
openBrowser(BASE_URL),,Go to url https://katalon.com/sign-in,,2022-08-10 23:53:33,2022-08-10 23:53:33,0.024s,FAILED
,,,,,,,
Test Cases/Test Case 2/Login_1,,,,2022-08-10 23:53:33,2022-08-10 23:53:33,0.038s,FAILED
openBrowser(BASE_URL),,Go to url https://katalon.com/sign-in,,2022-08-10 23:53:33,2022-08-10 23:53:33,0.031s,FAILED
,,,,,,,
Test Cases/Test Case 2/Login_1,,,,2022-08-10 23:53:33,2022-08-10 23:53:33,0.049s,FAILED
openBrowser(BASE_URL),,Go to url https://katalon.com/sign-in,,2022-08-10 23:53:33,2022-08-10 23:53:33,0.040s,FAILED
,,,,,,,
Test Cases/Test Case 2/Login_1,,,,2022-08-10 23:53:33,2022-08-10 23:53:33,0.036s,FAILED
openBrowser(BASE_URL),,Go to url https://katalon.com/sign-in,,2022-08-10 23:53:33,2022-08-10 23:53:33,0.028s,FAILED
,,,,,,,
Test Cases/Test Case 2/Login_1,,,,2022-08-10 23:53:34,2022-08-10 23:53:34,0.030s,FAILED
openBrowser(BASE_URL),,Go to url https://katalon.com/sign-in,,2022-08-10 23:53:34,2022-08-10 23:53:34,0.024s,FAILED
,,,,,,,
Test Cases/Test Case 2/Login_1,,,,2022-08-10 23:53:34,2022-08-10 23:53:34,0.026s,FAILED
openBrowser(BASE_URL),,Go to url https://katalon.com/sign-in,,2022-08-10 23:53:34,2022-08-10 23:53:34,0.020s,FAILED
