Suite/Test/Step Name,Browser,Description,Tag,Start time,End time,Duration,Status
Zing,Chrome 103.0.5060.134,,,2022-08-07 17:49:38,2022-08-07 17:49:53,14.683s,PASSED
,,,,,,,
Test Cases/Test case 1,Chrome 103.0.5060.134,,,2022-08-07 17:49:38,2022-08-07 17:49:53,14.271s,PASSED
"openBrowser(""https://zingmp3.vn/"")",Chrome 103.0.5060.134,,,2022-08-07 17:49:39,2022-08-07 17:49:48,9.013s,PASSED
"verifyElementVisible(findTestObject(""Home_Zing/txt_Search""))",Chrome 103.0.5060.134,,,2022-08-07 17:49:48,2022-08-07 17:49:49,0.905s,PASSED
"click(findTestObject(""Home_Zing/icon_popup""))",Chrome 103.0.5060.134,,,2022-08-07 17:49:49,2022-08-07 17:49:50,0.854s,PASSED
"click(findTestObject(""Home_Zing/txt_inputSearch""))",Chrome 103.0.5060.134,,,2022-08-07 17:49:50,2022-08-07 17:49:50,0.680s,PASSED
"sendKeys(findTestObject(""Home_Zing/txt_inputSearch""), ""abc"")",Chrome 103.0.5060.134,,,2022-08-07 17:49:50,2022-08-07 17:49:51,0.827s,PASSED
"testObj = findTestObject(""Home_Zing/list_Suggest"")",Chrome 103.0.5060.134,,,2022-08-07 17:49:51,2022-08-07 17:49:51,0.150s,PASSED
"elements = findWebElements(testObj, 10)",Chrome 103.0.5060.134,,,2022-08-07 17:49:51,2022-08-07 17:49:52,0.812s,PASSED
"for ([i = 0, i < elements.size(), (++i)])",Chrome 103.0.5060.134,,,2022-08-07 17:49:52,2022-08-07 17:49:53,0.428s,PASSED
